gene	monte_carlo_iterations	top10_probability	top20_probability	top30_probability	median_rank	rank_p2_5	rank_p97_5
VWF	5000	0.8954	0.9802	0.9934	3.0	1.0	19.0
COL5A1	5000	0.8888	0.9668	0.9848	3.0	1.0	25.0
VCAN	5000	0.5654	0.8612	0.9476	9.0	3.0	39.0
ALOX5AP	5000	0.6196	0.843	0.9164	8.0	2.0	50.0
CTSB	5000	0.6554	0.812	0.8866	6.0	1.0	67.0
FN1	5000	0.6322	0.7592	0.8292	5.0	1.0	122.02499999999964
SULF1	5000	0.0886	0.5882	0.8082	18.0	9.0	68.0
CCDC102B	5000	0.315	0.616	0.7954	16.0	4.0	64.0
SPARC	5000	0.4568	0.6318	0.7398	13.0	2.0	102.0
CFH	5000	0.4862	0.632	0.7146	11.0	1.0	123.0
TYROBP	5000	0.3298	0.5258	0.6414	19.0	2.0	184.0
THY1	5000	0.3436	0.531	0.6362	18.0	2.0	197.0
COL1A2	5000	0.3174	0.5222	0.6336	19.0	3.0	128.02499999999964
ST6GALNAC3	5000	0.2294	0.4826	0.626	21.0	7.0	111.0
COL11A1	5000	0.1186	0.389	0.555	27.0	8.0	133.0
SEMA5A	5000	0.045	0.3238	0.5406	28.0	10.0	148.0
MSR1	5000	0.0006	0.2734	0.539	29.0	12.0	117.0
HERPUD1	5000	0.1154	0.3892	0.5384	28.0	7.0	114.0
CDH6	5000	0.216	0.3636	0.4716	34.0	2.0	172.0
GPNMB	5000	0.1376	0.345	0.469	34.0	6.0	199.0
TAGLN	5000	0.2298	0.3774	0.467	35.0	2.0	291.0
DLC1	5000	0.176	0.3416	0.4608	34.0	4.0	198.0
ADGRL4	5000	0.0752	0.2774	0.4552	34.0	7.0	179.0
CDH2	5000	0.1936	0.3258	0.4268	41.0	3.0	239.02499999999964
C1QC	5000	0.1266	0.2924	0.4146	40.0	5.0	270.0
FRMD4A	5000	0.1554	0.2906	0.395	43.0	4.0	193.0
LCP1	5000	0.105	0.2664	0.3858	46.0	7.0	250.02499999999964
STAB1	5000	0.0	0.1922	0.367	41.0	14.0	166.0
DOCK4	5000	0.029	0.2088	0.3586	43.0	10.0	138.02499999999964
TCF4	5000	0.0646	0.2342	0.3506	48.0	6.0	163.02499999999964
COL8A1	5000	0.0628	0.216	0.345	46.0	8.0	182.0
PALLD	5000	0.1052	0.2304	0.34	50.0	6.0	209.0
NAMPT	5000	0.0	0.0382	0.3294	36.0	20.0	90.0
STK17B	5000	0.0982	0.2286	0.3206	59.0	4.0	272.0
IGFBP7	5000	0.0724	0.2094	0.308	57.5	7.0	226.0
COL4A1	5000	0.1252	0.2214	0.3076	62.0	4.0	242.0
C1QA	5000	0.057	0.2088	0.3052	58.0	8.0	313.0
APOE	5000	0.0956	0.1988	0.2962	61.0	5.0	241.0
NPL	5000	0.0202	0.1768	0.2914	62.0	11.0	296.0
MCAM	5000	0.0168	0.1554	0.2894	53.0	11.0	274.0
UACA	5000	0.0	0.1278	0.2778	52.0	15.0	184.0
VIM	5000	0.129	0.215	0.2774	71.0	3.0	274.0
COL3A1	5000	0.0766	0.1814	0.2748	71.0	7.0	270.0
NDUFA4L2	5000	0.0616	0.1724	0.273	61.0	7.0	265.0
COL6A2	5000	0.0848	0.1866	0.259	76.0	6.0	273.0
SPP1	5000	0.0	0.0446	0.2492	46.0	20.0	129.0
ITGA2	5000	0.0476	0.147	0.2388	78.0	9.0	348.0
RAPGEF5	5000	0.0246	0.1446	0.2334	68.0	11.0	254.0
PRKG1	5000	0.0266	0.1168	0.217	60.0	10.0	203.0
NOTCH3	5000	0.0002	0.072	0.2098	57.0	17.0	244.0
EBF1	5000	0.0	0.097	0.2046	62.5	15.0	208.02499999999964
COL18A1	5000	0.0	0.0076	0.1916	49.0	22.0	145.0
PTPRC	5000	0.0028	0.0836	0.1898	66.0	15.0	171.0
SRGN	5000	0.0422	0.1166	0.1848	89.0	8.0	279.0
C1QB	5000	0.0266	0.1106	0.1776	86.5	10.0	273.0
CTSD	5000	0.0	0.0634	0.175	68.0	17.0	226.0
ARHGAP15	5000	0.0138	0.0926	0.1714	86.0	12.0	272.0
CSF1R	5000	0.0112	0.1012	0.1674	93.0	13.0	290.0
COL1A1	5000	0.04	0.1018	0.1602	123.0	8.0	319.0
NNMT	5000	0.002	0.0724	0.1582	80.0	15.0	234.0
MGP	5000	0.0332	0.0966	0.1564	100.0	8.975000000000009	288.0
PREX2	5000	0.0	0.0468	0.1558	75.0	19.0	273.0
C5AR1	5000	0.0046	0.0734	0.1558	96.0	14.0	333.02499999999964
COL4A2	5000	0.024	0.0828	0.1466	101.0	11.0	289.02499999999964
CD74	5000	0.0	0.0354	0.1414	84.0	19.0	268.02499999999964
PIEZO2	5000	0.005	0.0588	0.134	92.0	15.0	235.0
PLXDC1	5000	0.0002	0.0478	0.1318	81.0	17.0	232.0
TM4SF18	5000	0.0	0.0308	0.1294	69.0	20.0	198.02499999999964
CDH11	5000	0.0	0.0278	0.1208	82.5	20.0	198.0
FGL2	5000	0.0	0.036	0.117	80.0	19.0	317.0
FTH1	5000	0.0	0.0212	0.1114	77.0	21.0	232.0
BGN	5000	0.0142	0.0524	0.1066	151.5	13.0	340.0
SGK1	5000	0.0	0.0068	0.1054	72.0	24.0	218.0
IFI27	5000	0.0	0.002	0.1046	51.0	25.0	166.02499999999964
ITGBL1	5000	0.0	0.0322	0.0968	104.0	20.0	283.0
PDE4D	5000	0.003	0.0324	0.0968	115.0	19.0	280.0
MS4A6A	5000	0.0012	0.0258	0.088	113.0	20.0	297.0
GRN	5000	0.0184	0.0508	0.084	170.5	13.0	391.0
PSAP	5000	0.0	0.0	0.083	73.0	27.0	198.0
LYZ	5000	0.0018	0.03	0.0804	103.5	19.97500000000001	328.02499999999964
ZBTB20	5000	0.0078	0.0386	0.079	167.0	17.97500000000001	367.0
CTHRC1	5000	0.0008	0.0276	0.0788	99.0	20.0	293.0
COL6A3	5000	0.0066	0.0332	0.0706	144.0	17.0	319.0
CCDC80	5000	0.0	0.012	0.0674	100.0	24.0	242.0
ELL2	5000	0.0	0.0148	0.0672	111.0	23.0	283.0
HSPG2	5000	0.0	0.0172	0.067	95.0	22.0	189.0
FLT1	5000	0.0	0.0178	0.0648	116.0	23.0	225.0
FKBP5	5000	0.0052	0.023	0.0588	148.0	21.0	307.0
PTPRG	5000	0.0046	0.0284	0.057	177.0	20.0	347.0
C5	5000	0.0	0.0216	0.0558	182.0	21.0	385.0
CLEC14A	5000	0.0006	0.0168	0.055	141.0	23.0	330.0
SKAP1	5000	0.0048	0.026	0.0542	167.0	20.0	324.0
CELF2	5000	0.0012	0.0184	0.0536	161.5	23.0	346.0
MAML2	5000	0.0	0.0178	0.0534	138.0	23.0	312.0
POSTN	5000	0.004	0.0232	0.0506	186.0	21.0	360.0
EBF2	5000	0.0	0.0	0.0484	64.0	28.0	195.0
PABPC1	5000	0.0	0.0	0.0452	70.0	29.0	181.0
CALD1	5000	0.0012	0.015	0.0452	157.0	25.0	321.0
NR2F2	5000	0.0	0.0136	0.0426	149.0	24.0	268.0
NPC2	5000	0.0	0.0006	0.042	83.0	28.0	170.02499999999964
CTSS	5000	0.0	0.0	0.0416	66.0	29.0	227.02499999999964
ZNF331	5000	0.0	0.005	0.0406	109.0	27.0	287.0
PCDH17	5000	0.0	0.0016	0.039	100.0	27.0	206.0
FAM49A	5000	0.0	0.0	0.0354	112.0	29.0	229.0
TREM2	5000	0.0	0.0	0.0318	69.0	29.0	227.02499999999964
INSR	5000	0.0	0.0	0.0318	121.0	29.0	285.0
CACNA1C	5000	0.0	0.0	0.0314	92.0	30.0	195.0
RBM38	5000	0.0	0.0004	0.0264	111.0	30.0	249.0
GPX1	5000	0.0	0.0072	0.0248	189.0	31.0	382.0
HLA-DRA	5000	0.0008	0.0074	0.0244	232.0	31.0	404.0
LSP1	5000	0.0006	0.0078	0.024	197.0	31.0	314.0
NRG3	5000	0.0	0.0	0.0226	149.0	31.97500000000001	374.0
APOC1	5000	0.0	0.0066	0.0224	175.0	31.0	339.0
PECAM1	5000	0.0004	0.0052	0.0222	222.0	32.0	381.0
SPOCK1	5000	0.0	0.0	0.02	87.0	31.0	164.0
LIPA	5000	0.0	0.0016	0.02	167.0	33.0	317.0
PTPRM	5000	0.0	0.0	0.0194	102.0	32.0	252.0
SAMD3	5000	0.0	0.0	0.0188	86.0	31.0	204.0
AKAP12	5000	0.0	0.0	0.0188	164.0	34.0	367.0
CD247	5000	0.0	0.0	0.0186	103.0	32.0	269.0
HLA-DPB1	5000	0.0	0.003	0.0174	233.0	33.0	404.0
RGS1	5000	0.0002	0.0046	0.014	192.0	40.0	362.0
LUM	5000	0.0	0.0	0.0138	91.0	32.0	176.0
ANXA2	5000	0.0	0.0022	0.0136	224.5	38.0	379.0
PDGFRB	5000	0.0	0.0014	0.0126	208.0	41.0	350.0
COL5A2	5000	0.0	0.0	0.0124	105.0	32.0	269.0
EEF1A1	5000	0.0	0.002	0.0102	240.0	41.0	379.0
GRB10	5000	0.0	0.0018	0.01	251.0	41.0	385.0
C1orf162	5000	0.0	0.0002	0.0092	173.0	39.0	346.0
AEBP1	5000	0.0	0.0006	0.009	189.0	37.0	347.0
RIPOR2	5000	0.0004	0.0024	0.0068	290.0	55.0	408.0
PPARD	5000	0.0002	0.0016	0.0066	281.0	55.0	383.0
RBM47	5000	0.0	0.0	0.005	88.0	34.0	192.0
HLA-DPA1	5000	0.0	0.0	0.0048	243.0	42.0	406.0
EPS8	5000	0.0	0.0	0.0046	137.0	39.0	303.0
MAP1B	5000	0.0	0.0	0.0046	252.0	48.0	394.0
COTL1	5000	0.0	0.0	0.0042	221.0	48.0	362.0
ESAM	5000	0.0	0.0	0.0036	139.0	36.0	260.0
AIF1	5000	0.0	0.0002	0.0036	274.0	56.97500000000001	411.0
MS4A7	5000	0.0	0.0	0.0034	233.0	54.0	361.0
RGS5	5000	0.0	0.0	0.003	127.0	39.0	213.0
BMP2K	5000	0.0	0.0	0.0026	192.0	44.0	358.0
GAPDH	5000	0.0	0.0	0.0026	202.0	43.0	374.0
C11orf96	5000	0.0	0.0	0.0026	262.0	53.0	389.0
DPYSL3	5000	0.0	0.0	0.0022	190.0	43.0	324.0
LUZP2	5000	0.0	0.0	0.0014	111.0	40.0	317.0
NFIB	5000	0.0	0.0	0.0012	243.0	55.0	355.0
HLA-DMA	5000	0.0	0.0	0.0012	302.0	70.97500000000001	416.0
TPM2	5000	0.0	0.0	0.001	181.0	49.0	311.0
HLA-DMB	5000	0.0	0.0	0.001	249.0	47.0	408.0
LTBP1	5000	0.0	0.0	0.0008	73.0	34.0	168.02499999999964
CEBPD	5000	0.0	0.0	0.0008	301.0	65.0	406.0
F13B	5000	0.0	0.0002	0.0008	360.0	86.0	416.0
THBS2	5000	0.0	0.0	0.0004	158.0	48.0	293.0
SH3BGRL3	5000	0.0	0.0	0.0002	218.0	53.0	382.0
FTL	5000	0.0	0.0	0.0002	260.0	60.0	392.0
APOB	5000	0.0	0.0	0.0002	359.0	98.0	415.0
MNDA	5000	0.0	0.0	0.0	69.0	42.0	131.0
MMP9	5000	0.0	0.0	0.0	86.0	46.0	205.0
MS4A4A	5000	0.0	0.0	0.0	88.0	45.0	183.0
PLCB1	5000	0.0	0.0	0.0	88.0	68.0	144.0
MIR100HG	5000	0.0	0.0	0.0	92.0	50.0	222.0
UBASH3B	5000	0.0	0.0	0.0	103.0	64.0	192.0
RNF144B	5000	0.0	0.0	0.0	105.0	66.0	193.02499999999964
ECSCR	5000	0.0	0.0	0.0	109.0	70.0	176.0
LDB2	5000	0.0	0.0	0.0	112.0	91.0	155.0
AKAP13	5000	0.0	0.0	0.0	114.0	44.0	269.02499999999964
FCER1G	5000	0.0	0.0	0.0	120.0	43.0	311.0
NRCAM	5000	0.0	0.0	0.0	123.0	44.0	320.0
PODXL	5000	0.0	0.0	0.0	129.0	74.0	236.0
GLUL	5000	0.0	0.0	0.0	132.0	49.0	323.0
CD3G	5000	0.0	0.0	0.0	135.0	50.0	290.0
DCN	5000	0.0	0.0	0.0	138.0	55.0	245.0
TRIM58	5000	0.0	0.0	0.0	141.0	43.0	356.0
DOCK9	5000	0.0	0.0	0.0	141.0	48.0	355.0
LAPTM5	5000	0.0	0.0	0.0	142.0	47.0	295.02499999999964
CD3D	5000	0.0	0.0	0.0	142.0	55.0	294.0
PLXDC2	5000	0.0	0.0	0.0	143.0	41.0	347.0
COL6A1	5000	0.0	0.0	0.0	144.0	75.0	252.0
ITGB2	5000	0.0	0.0	0.0	146.0	57.0	296.0
PTPRK	5000	0.0	0.0	0.0	147.0	49.0	225.0
WWTR1	5000	0.0	0.0	0.0	147.0	83.0	214.0
EDIL3	5000	0.0	0.0	0.0	148.0	45.97500000000001	224.02499999999964
TM4SF1	5000	0.0	0.0	0.0	150.0	93.0	223.0
SLC16A10	5000	0.0	0.0	0.0	152.0	122.0	210.0
PLEKHG1	5000	0.0	0.0	0.0	152.0	117.0	210.0
SYTL3	5000	0.0	0.0	0.0	160.0	97.0	224.0
PFKFB3	5000	0.0	0.0	0.0	162.0	50.0	295.02499999999964
FRZB	5000	0.0	0.0	0.0	162.0	91.0	271.0
DCBLD2	5000	0.0	0.0	0.0	166.0	86.0	269.0
COL14A1	5000	0.0	0.0	0.0	168.0	49.0	314.0
ACTA2	5000	0.0	0.0	0.0	168.0	101.0	274.0
PTPRB	5000	0.0	0.0	0.0	169.0	106.0	248.0
ANO2	5000	0.0	0.0	0.0	169.0	60.0	374.0
S100A8	5000	0.0	0.0	0.0	170.0	98.0	261.0
LGMN	5000	0.0	0.0	0.0	171.0	71.0	308.0
HAMP	5000	0.0	0.0	0.0	171.0	64.0	345.02499999999964
CD163	5000	0.0	0.0	0.0	172.0	54.0	321.0
CLDN5	5000	0.0	0.0	0.0	173.0	125.0	262.0
SERPINH1	5000	0.0	0.0	0.0	174.0	78.0	304.0
CPE	5000	0.0	0.0	0.0	174.0	55.0	384.0
CD2	5000	0.0	0.0	0.0	176.0	85.0	304.0
MECOM	5000	0.0	0.0	0.0	176.0	88.0	304.0
ENPEP	5000	0.0	0.0	0.0	178.0	72.0	310.0
ARHGAP42	5000	0.0	0.0	0.0	179.5	59.0	329.0
CTSL	5000	0.0	0.0	0.0	181.0	83.0	322.0
SLC40A1	5000	0.0	0.0	0.0	183.0	117.0	272.0
ATP1B3	5000	0.0	0.0	0.0	186.0	89.0	260.0
CDC42SE2	5000	0.0	0.0	0.0	187.0	67.0	319.02499999999964
ISLR	5000	0.0	0.0	0.0	187.0	61.0	372.0
SELL	5000	0.0	0.0	0.0	190.0	73.0	288.0
ABCC9	5000	0.0	0.0	0.0	190.0	148.0	244.0
GZMA	5000	0.0	0.0	0.0	191.0	92.0	313.0
C1R	5000	0.0	0.0	0.0	192.0	59.0	299.0
CXCL8	5000	0.0	0.0	0.0	194.0	161.0	230.0
CRYAB	5000	0.0	0.0	0.0	194.0	78.0	343.02499999999964
FCGR2A	5000	0.0	0.0	0.0	194.0	111.0	325.0
STAT4	5000	0.0	0.0	0.0	196.0	92.0	317.0
F13A1	5000	0.0	0.0	0.0	196.0	89.0	253.0
UCHL1	5000	0.0	0.0	0.0	198.0	107.0	373.0
FCGR2B	5000	0.0	0.0	0.0	200.0	101.0	315.0
EDNRA	5000	0.0	0.0	0.0	205.0	60.0	343.02499999999964
IL32	5000	0.0	0.0	0.0	205.0	81.0	326.0
TRBC2	5000	0.0	0.0	0.0	205.0	129.0	253.0
SLCO2B1	5000	0.0	0.0	0.0	205.5	68.0	328.0
MFNG	5000	0.0	0.0	0.0	206.0	79.0	378.0
CD3E	5000	0.0	0.0	0.0	207.0	100.0	324.0
FKBP1A	5000	0.0	0.0	0.0	207.0	54.0	344.0
SNCA	5000	0.0	0.0	0.0	207.5	103.0	314.0
RBMS3	5000	0.0	0.0	0.0	210.0	76.0	272.0
RUNX3	5000	0.0	0.0	0.0	213.0	107.0	325.0
CRIP2	5000	0.0	0.0	0.0	213.0	131.97500000000002	338.0
CDH13	5000	0.0	0.0	0.0	214.0	62.0	354.0
ID3	5000	0.0	0.0	0.0	214.0	138.0	307.0
CD37	5000	0.0	0.0	0.0	214.0	126.0	331.0
C3	5000	0.0	0.0	0.0	215.0	106.0	337.0
NCF2	5000	0.0	0.0	0.0	215.0	143.0	317.0
EFEMP1	5000	0.0	0.0	0.0	219.0	201.0	231.0
CD52	5000	0.0	0.0	0.0	220.0	89.0	333.0
PLOD2	5000	0.0	0.0	0.0	221.0	138.0	346.0
MPEG1	5000	0.0	0.0	0.0	222.0	81.0	364.0
RNF149	5000	0.0	0.0	0.0	223.0	120.0	285.0
SLC25A37	5000	0.0	0.0	0.0	225.0	165.0	291.0
PRELP	5000	0.0	0.0	0.0	226.0	75.0	370.0
IGSF6	5000	0.0	0.0	0.0	227.0	65.0	359.02499999999964
HIP1	5000	0.0	0.0	0.0	228.0	176.0	287.0
PIM1	5000	0.0	0.0	0.0	232.0	131.0	332.0
SYNE2	5000	0.0	0.0	0.0	232.0	78.0	397.0
ARL15	5000	0.0	0.0	0.0	233.0	124.0	335.0
CD96	5000	0.0	0.0	0.0	236.0	107.0	344.0
MRC1	5000	0.0	0.0	0.0	237.0	136.0	334.0
PARD3	5000	0.0	0.0	0.0	237.0	75.0	319.0
PEAK1	5000	0.0	0.0	0.0	239.0	112.0	344.0
RAPGEF1	5000	0.0	0.0	0.0	241.0	117.0	359.0
ANK1	5000	0.0	0.0	0.0	242.0	130.0	382.0
FCGR1A	5000	0.0	0.0	0.0	243.0	90.0	387.0
HMOX1	5000	0.0	0.0	0.0	244.0	61.0	372.0
IL33	5000	0.0	0.0	0.0	244.5	66.0	393.0
RGCC	5000	0.0	0.0	0.0	245.0	98.0	348.0
KCTD12	5000	0.0	0.0	0.0	246.0	74.0	361.0
FYN	5000	0.0	0.0	0.0	246.0	151.0	316.0
DAB2	5000	0.0	0.0	0.0	251.0	75.0	370.0
GAB2	5000	0.0	0.0	0.0	251.5	211.0	286.0
ERG	5000	0.0	0.0	0.0	252.0	140.0	344.0
MKRN1	5000	0.0	0.0	0.0	252.0	105.0	382.0
CD14	5000	0.0	0.0	0.0	253.0	64.0	384.02499999999964
ASAH1	5000	0.0	0.0	0.0	254.0	119.0	372.0
TPM1	5000	0.0	0.0	0.0	254.0	88.0	384.0
CD59	5000	0.0	0.0	0.0	254.5	105.0	378.0
ABCG2	5000	0.0	0.0	0.0	255.0	65.97500000000001	356.0
PMEPA1	5000	0.0	0.0	0.0	255.0	84.0	359.0
MAP3K8	5000	0.0	0.0	0.0	255.0	148.0	370.0
PDLIM3	5000	0.0	0.0	0.0	256.0	139.0	347.0
NTM	5000	0.0	0.0	0.0	256.0	72.0	397.0
DMTN	5000	0.0	0.0	0.0	258.0	154.0	401.02499999999964
FAM13C	5000	0.0	0.0	0.0	261.0	175.0	400.0
GPX3	5000	0.0	0.0	0.0	263.5	91.0	374.0
GNG11	5000	0.0	0.0	0.0	264.0	212.0	327.0
ITM2A	5000	0.0	0.0	0.0	265.0	119.0	361.0
PDE3A	5000	0.0	0.0	0.0	265.0	182.0	342.0
RNASET2	5000	0.0	0.0	0.0	266.0	103.0	365.0
CA2	5000	0.0	0.0	0.0	267.0	120.0	371.0
CCDC88A	5000	0.0	0.0	0.0	268.0	105.0	392.0
TBX2	5000	0.0	0.0	0.0	269.0	81.0	392.0
SAT1	5000	0.0	0.0	0.0	271.0	115.0	359.0
RGS2	5000	0.0	0.0	0.0	271.0	106.0	392.0
SIPA1L1	5000	0.0	0.0	0.0	272.5	82.0	366.0
SDCBP	5000	0.0	0.0	0.0	273.0	165.0	376.0
CCL5	5000	0.0	0.0	0.0	274.0	98.0	371.0
HMBS	5000	0.0	0.0	0.0	276.0	64.97500000000001	410.0
PRDX4	5000	0.0	0.0	0.0	279.0	84.0	385.0
CST3	5000	0.0	0.0	0.0	280.5	158.0	384.0
MYL9	5000	0.0	0.0	0.0	282.0	107.0	360.0
LHFPL6	5000	0.0	0.0	0.0	282.0	79.0	396.0
CREG1	5000	0.0	0.0	0.0	282.0	170.0	350.0
MTATP6P1	5000	0.0	0.0	0.0	282.0	92.0	416.0
ITM2B	5000	0.0	0.0	0.0	283.0	143.0	386.0
CD69	5000	0.0	0.0	0.0	284.0	201.0	355.0
CLU	5000	0.0	0.0	0.0	285.0	132.0	370.0
LCK	5000	0.0	0.0	0.0	285.0	149.0	352.0
NR2F2-AS1	5000	0.0	0.0	0.0	285.0	153.97500000000002	360.0
CLEC2D	5000	0.0	0.0	0.0	286.0	214.0	348.0
EGFL7	5000	0.0	0.0	0.0	287.0	86.0	391.0
PHLDA1	5000	0.0	0.0	0.0	287.0	172.0	375.0
TINAGL1	5000	0.0	0.0	0.0	288.0	120.97500000000001	369.0
MT2A	5000	0.0	0.0	0.0	288.0	90.0	390.0
KLKB1	5000	0.0	0.0	0.0	288.5	92.0	408.0
VTN	5000	0.0	0.0	0.0	290.0	107.0	408.0
MIR4435-2HG	5000	0.0	0.0	0.0	291.0	130.0	371.0
SELENOP	5000	0.0	0.0	0.0	293.0	151.0	372.0
CA1	5000	0.0	0.0	0.0	294.0	134.0	376.0
CYGB	5000	0.0	0.0	0.0	297.0	181.97500000000002	356.0
LDLR	5000	0.0	0.0	0.0	297.0	106.0	413.0
MAGI1	5000	0.0	0.0	0.0	298.0	95.0	392.0
IGKC	5000	0.0	0.0	0.0	299.0	115.97500000000001	396.0
SLC25A39	5000	0.0	0.0	0.0	299.0	183.0	357.0
DSTN	5000	0.0	0.0	0.0	299.0	160.0	373.0
SOX5	5000	0.0	0.0	0.0	300.0	109.0	392.0
FKBP8	5000	0.0	0.0	0.0	302.0	188.0	382.0
S100A1	5000	0.0	0.0	0.0	303.0	128.0	412.02499999999964
COL9A1	5000	0.0	0.0	0.0	305.0	122.0	410.0
ENO1	5000	0.0	0.0	0.0	306.0	231.97500000000002	374.0
DUSP1	5000	0.0	0.0	0.0	307.0	95.0	397.0
HLA-DQA1	5000	0.0	0.0	0.0	308.0	83.0	417.0
ALAS2	5000	0.0	0.0	0.0	309.0	144.0	382.0
SDC4	5000	0.0	0.0	0.0	309.0	149.0	405.0
ACSL1	5000	0.0	0.0	0.0	309.0	210.0	377.0
DKK3	5000	0.0	0.0	0.0	311.0	214.0	369.0
IFI6	5000	0.0	0.0	0.0	312.0	181.0	405.0
LILRB2	5000	0.0	0.0	0.0	314.0	192.0	382.0
STRADB	5000	0.0	0.0	0.0	314.0	118.97500000000001	405.0
HLA-DRB1	5000	0.0	0.0	0.0	316.0	87.0	418.0
GLRX5	5000	0.0	0.0	0.0	320.0	157.0	389.0
S100A13	5000	0.0	0.0	0.0	320.0	249.0	361.0
IGFBP6	5000	0.0	0.0	0.0	321.0	217.0	364.0
LDLRAD4	5000	0.0	0.0	0.0	322.0	138.97500000000002	388.0
APLP2	5000	0.0	0.0	0.0	322.0	222.0	383.0
TMSB10	5000	0.0	0.0	0.0	322.0	132.97500000000002	419.0
TPT1	5000	0.0	0.0	0.0	322.0	207.0	402.0
ANK3	5000	0.0	0.0	0.0	323.0	148.0	417.0
IL2RG	5000	0.0	0.0	0.0	323.0	243.0	368.0
LPA	5000	0.0	0.0	0.0	325.0	246.0	402.0
S100A9	5000	0.0	0.0	0.0	326.0	111.0	399.0
FCN1	5000	0.0	0.0	0.0	328.0	172.0	388.0
CYBB	5000	0.0	0.0	0.0	328.0	180.0	398.0
JCHAIN	5000	0.0	0.0	0.0	329.0	170.0	383.0
CCL3L1	5000	0.0	0.0	0.0	330.0	249.0	365.0
SERF2	5000	0.0	0.0	0.0	330.0	127.0	406.0
JAML	5000	0.0	0.0	0.0	335.0	228.0	388.0
FBXO7	5000	0.0	0.0	0.0	336.0	180.97500000000002	397.0
CYTOR	5000	0.0	0.0	0.0	337.0	97.0	406.0
SAMHD1	5000	0.0	0.0	0.0	337.0	164.0	403.0
NGF	5000	0.0	0.0	0.0	338.0	157.0	412.0
SLC4A1	5000	0.0	0.0	0.0	340.0	161.0	403.0
GUCY1B1	5000	0.0	0.0	0.0	340.0	188.0	415.0
A2M	5000	0.0	0.0	0.0	341.0	118.0	406.0
FOLR2	5000	0.0	0.0	0.0	342.0	191.0	398.02499999999964
FHL1	5000	0.0	0.0	0.0	347.0	239.0	391.0
SORT1	5000	0.0	0.0	0.0	347.0	135.0	418.0
SERPINA1	5000	0.0	0.0	0.0	349.0	282.0	378.0
TIMP1	5000	0.0	0.0	0.0	351.0	92.97500000000001	416.0
GPR34	5000	0.0	0.0	0.0	352.0	157.0	403.0
MAF	5000	0.0	0.0	0.0	354.0	198.0	398.0
HIGD1B	5000	0.0	0.0	0.0	355.0	194.0	411.0
S100A4	5000	0.0	0.0	0.0	356.0	158.0	411.0
S100A6	5000	0.0	0.0	0.0	356.0	235.0	417.0
HLA-DQB1	5000	0.0	0.0	0.0	357.5	143.0	423.0
RAMP2	5000	0.0	0.0	0.0	358.0	233.0	398.0
PCOLCE	5000	0.0	0.0	0.0	358.0	293.0	382.0
CSF2RA	5000	0.0	0.0	0.0	358.0	271.975	392.0
VSIG4	5000	0.0	0.0	0.0	359.0	247.0	391.0
PTMA	5000	0.0	0.0	0.0	359.0	105.0	420.0
TPI1	5000	0.0	0.0	0.0	359.0	121.0	420.0
HIF1A	5000	0.0	0.0	0.0	360.0	216.0	406.0
FCGR3A	5000	0.0	0.0	0.0	360.0	248.0	394.0
CCL3	5000	0.0	0.0	0.0	361.0	208.0	406.0
RNASE1	5000	0.0	0.0	0.0	361.0	238.0	399.0
CNN3	5000	0.0	0.0	0.0	361.0	262.0	396.0
GPR183	5000	0.0	0.0	0.0	363.0	129.0	417.0
C9	5000	0.0	0.0	0.0	364.0	156.0	413.0
FCGRT	5000	0.0	0.0	0.0	367.0	221.0	403.0
TSC22D1	5000	0.0	0.0	0.0	368.0	181.0	408.0
ACTG1	5000	0.0	0.0	0.0	369.0	231.0	408.0
CSTA	5000	0.0	0.0	0.0	369.0	305.0	390.0
LRP2	5000	0.0	0.0	0.0	369.0	241.0	419.0
HLA-DQA2	5000	0.0	0.0	0.0	370.0	154.0	425.0
CHKA	5000	0.0	0.0	0.0	370.0	249.0	418.0
PITPNC1	5000	0.0	0.0	0.0	374.0	218.0	417.0
OLR1	5000	0.0	0.0	0.0	375.0	290.0	402.0
PRDX1	5000	0.0	0.0	0.0	376.0	248.0	414.0
LST1	5000	0.0	0.0	0.0	377.0	135.0	425.0
MANBA	5000	0.0	0.0	0.0	378.0	263.0	410.0
CCL4L2	5000	0.0	0.0	0.0	380.0	229.97500000000002	411.0
SLC1A3	5000	0.0	0.0	0.0	380.0	294.0	406.0
COL9A2	5000	0.0	0.0	0.0	380.0	253.0	421.0
CD83	5000	0.0	0.0	0.0	381.0	257.975	408.0
CCL4	5000	0.0	0.0	0.0	383.0	291.0	406.0
VAMP8	5000	0.0	0.0	0.0	384.0	260.0	407.0
UBB	5000	0.0	0.0	0.0	385.0	261.0	417.0
YBX3	5000	0.0	0.0	0.0	385.0	258.0	419.0
HLA-DRB5	5000	0.0	0.0	0.0	386.0	255.0	426.02499999999964
IER3	5000	0.0	0.0	0.0	387.0	188.97500000000002	426.0
LPAR6	5000	0.0	0.0	0.0	387.0	171.0	422.0
LGALS3	5000	0.0	0.0	0.0	389.0	285.0	408.0
AHSP	5000	0.0	0.0	0.0	391.0	184.0	425.0
GUCY1A1	5000	0.0	0.0	0.0	391.0	259.975	425.0
TRAC	5000	0.0	0.0	0.0	392.0	208.95000000000002	422.0
GYPC	5000	0.0	0.0	0.0	395.0	289.0	413.0
KLF1	5000	0.0	0.0	0.0	396.0	188.0	427.0
TNR	5000	0.0	0.0	0.0	398.0	156.0	428.0
MEP1A	5000	0.0	0.0	0.0	400.0	216.0	421.0
APOC2	5000	0.0	0.0	0.0	401.0	321.0	419.0
KNG1	5000	0.0	0.0	0.0	406.0	256.0	422.0
FOS	5000	0.0	0.0	0.0	410.0	360.0	416.0
C4BPA	5000	0.0	0.0	0.0	410.0	342.0	420.0
MYL6	5000	0.0	0.0	0.0	413.0	377.0	419.0
TCIM	5000	0.0	0.0	0.0	416.0	340.0	430.0
IFITM3	5000	0.0	0.0	0.0	416.0	356.975	427.0
HLA-DRB6	5000	0.0	0.0	0.0	417.0	376.0	430.0
FGB	5000	0.0	0.0	0.0	418.0	380.0	422.0
BLVRB	5000	0.0	0.0	0.0	419.0	400.0	423.0
COL2A1	5000	0.0	0.0	0.0	421.0	374.0	426.0
FGA	5000	0.0	0.0	0.0	421.0	396.0	425.0
SERPIND1	5000	0.0	0.0	0.0	424.0	390.975	427.0
FGF23	5000	0.0	0.0	0.0	424.0	406.0	428.0
APOA4	5000	0.0	0.0	0.0	425.0	386.0	429.0
FGG	5000	0.0	0.0	0.0	425.0	403.0	427.0
APOC3	5000	0.0	0.0	0.0	428.0	412.0	430.0
APOA1	5000	0.0	0.0	0.0	428.0	422.0	429.0
APOA2	5000	0.0	0.0	0.0	430.0	421.0	430.0
